<?xml version="1.0" encoding="utf-8"?>
<!-- Splash screen file, saved 7/2/2017 5:41:59 PM using CourseLab 170305 -->
<splash>
<settings>
<showsplash>yes</showsplash>
<fitwindow>no</fitwindow>
<fit_small_window>yes</fit_small_window>
</settings>
<data>
<![CDATA[<img src="images/baltic_0001_000.jpg" style="position:absolute;left:0px;top:0px;width:1000px;height:680px;"/><div style="position: absolute; box-sizing: border-box; left: 161px; top: 422px; width: 697px; height: 59px;"><p style="text-align:center"><font color="#eeeeee"><span style="font-size: 36px; line-height: 43.20000076293945px;"><b>BOT API(Telegram)</b></span></font></p></div><div style="position: absolute; left: 400px; top: 524px; width: 200px; height: 50px;"><div style="position: absolute; width: 200px; height: 50px; -webkit-touch-callout: none; -webkit-user-select: none; -khtml-user-select: none; -moz-user-select: none; -ms-user-select: none; user-select: none;" title="НАЧАТЬ" ><div id="OBJ_27_BTN" style="cursor: pointer; position: relative; left: 0; top: 0; box-sizing: border-box; width: 200px; height: 50px; border-style: solid; border-width: 1px; border-color: #004080; -o-border-radius: 5px; -ms-border-radius: 5px; -moz-border-radius: 5px; -webkit-border-radius: 5px; border-radius: 5px;-o-box-shadow: 2px 2px 6px rgba(102,102,102,0.66);-ms-box-shadow: 2px 2px 6px rgba(102,102,102,0.66);-moz-box-shadow: 2px 2px 6px rgba(102,102,102,0.66); -webkit-box-shadow: 2px 2px 6px rgba(102,102,102,0.66); box-shadow: 2px 2px 6px rgba(102,102,102,0.66);border-color: #004080; background-color: #0080C0;background-image: -o-linear-gradient(90deg, #0080C0 0%, #A6E1FF 100%); background-image: -ms-linear-gradient(90deg, #0080C0 0%, #A6E1FF 100%); background-image: -moz-linear-gradient(90deg, #0080C0 0%, #A6E1FF 100%); background-image: -webkit-linear-gradient(90deg, #0080C0 0%, #A6E1FF 100%); background-image: linear-gradient(0deg, #0080C0 0%, #A6E1FF 100%);" onmouseover="this.setAttribute('style', this.getAttribute('data-style-over'));" onmouseout="this.setAttribute('style', this.getAttribute('data-style-idle'));" onclick="CL.Start(); return false;" data-style-idle="cursor: pointer; position: relative; left: 0; top: 0; box-sizing: border-box; width: 200px; height: 50px; border-style: solid; border-width: 1px; border-color: #004080; -o-border-radius: 5px; -ms-border-radius: 5px; -moz-border-radius: 5px; -webkit-border-radius: 5px; border-radius: 5px;-o-box-shadow: 2px 2px 6px rgba(102,102,102,0.66);-ms-box-shadow: 2px 2px 6px rgba(102,102,102,0.66);-moz-box-shadow: 2px 2px 6px rgba(102,102,102,0.66); -webkit-box-shadow: 2px 2px 6px rgba(102,102,102,0.66); box-shadow: 2px 2px 6px rgba(102,102,102,0.66);border-color: #004080; background-color: #0080C0;background-image: -o-linear-gradient(90deg, #0080C0 0%, #A6E1FF 100%); background-image: -ms-linear-gradient(90deg, #0080C0 0%, #A6E1FF 100%); background-image: -moz-linear-gradient(90deg, #0080C0 0%, #A6E1FF 100%); background-image: -webkit-linear-gradient(90deg, #0080C0 0%, #A6E1FF 100%); background-image: linear-gradient(0deg, #0080C0 0%, #A6E1FF 100%);" data-style-over="cursor: pointer; position: relative; left: 0; top: 0; box-sizing: border-box; width: 200px; height: 50px; border-style: solid; border-width: 1px; border-color: #004080; -o-border-radius: 5px; -ms-border-radius: 5px; -moz-border-radius: 5px; -webkit-border-radius: 5px; border-radius: 5px;-o-box-shadow: 2px 2px 6px rgba(102,102,102,0.66);-ms-box-shadow: 2px 2px 6px rgba(102,102,102,0.66);-moz-box-shadow: 2px 2px 6px rgba(102,102,102,0.66); -webkit-box-shadow: 2px 2px 6px rgba(102,102,102,0.66); box-shadow: 2px 2px 6px rgba(102,102,102,0.66);border-color: #004080; background-color: #0080C0;background-image: -o-linear-gradient(270deg, #0080C0 0%, #A6E1FF 100%); background-image: -ms-linear-gradient(270deg, #0080C0 0%, #A6E1FF 100%); background-image: -moz-linear-gradient(270deg, #0080C0 0%, #A6E1FF 100%); background-image: -webkit-linear-gradient(270deg, #0080C0 0%, #A6E1FF 100%); background-image: linear-gradient(180deg, #0080C0 0%, #A6E1FF 100%);"><div id="OBJ_27_BTN_BG" style="position: relative; padding: 0; margin: 0; width: 198px; height: 48px; "><table id="OBJ_27_BTN_TABLE" style="border-spacing: 0; width: 198px; height: 48px;"><tr><td id="OBJ_27_BTN_TABLE_CONTENT" style="text-align: center; vertical-align: middle; padding: 0; text-shadow: 1px 1px 2px rgba(255,255,255,0.66); width: 198px; height: 48px; font-family: robotomedium, Arial, Helvetica, sans-serif; font-size: 12px; color: #004080; ">НАЧАТЬ</td></tr></table></div></div></div></div>]]>
</data>
</splash>
